<?xml version="1.0" encoding="utf-8"?>
<openerp>
  <data>

    <record id="view_repo_form" model="ir.ui.view">
      <field name="model">runbot.repo</field>
      <field name="inherit_id" ref="runbot.view_repo_form"/>
      <field name="arch" type="xml">

        <field name="token" position="before">
          <field name="uses_gitlab"/>
        </field>

        <field name="token" position="attributes">
          <attribute name="string">API Token</attribute>
        </field>

      </field>
    </record>

  </data>
</openerp>
